Date,Mexico,Aguascalientes,Baja California,Campeche,Chihuahua,DistritoFederal,Jalisco,Estado de Mexico,Morelos,Nuevo Leon,Oaxaca,Puebla,Quintana Roo,Sonora,Tamaulipas,Veracruz,Yucatan
2003-09-28,683,,,,,640,864,,,,,811,,,,,
2003-10-05,707,,,,,692,927,,,,,829,,,,,
2003-10-12,800,,,,,709,990,,,,,938,,,,,
2003-10-19,858,,,,,836,1016,,,,,862,,,,,
2003-10-26,755,,,,,777,945,,,,,838,,,,,
2003-11-02,843,,,,,880,887,,,,,818,,,,,
2003-11-09,957,,,,,971,878,,,,,858,,,,,
2003-11-16,894,,,,,925,868,,,,,895,,,,,
2003-11-23,880,,,,,824,821,,,,,873,,,,,
2003-11-30,979,,,,,923,914,,,,,881,,,,,
2003-12-07,1025,,,,,994,1131,,,,,885,,,,,
2003-12-14,1242,,,,,1306,1226,,,,,914,,,,,
2003-12-21,1346,,,,,1380,1260,,,,,951,,,,,
2003-12-28,1264,,,,,1359,1285,,,,,988,,,,,
2004-01-04,1108,,,,,1096,1183,,,,,969,,,,,
2004-01-11,1026,,,,,1085,1034,,,,,999,,,,,
2004-01-18,977,,,,,1007,960,,,,,1004,,,,,
2004-01-25,976,,,,,965,1031,,,,,1037,,,,,
2004-02-01,932,,,,,895,965,,,,,979,,,,,
2004-02-08,939,,,,,967,868,,,,,935,,,,,
2004-02-15,913,,,,,918,744,,,,,930,,,,,
2004-02-22,974,,,,,1018,817,,,,,962,,,,,
2004-02-29,944,,,,,950,1016,,,,,925,,,,,
2004-03-07,1040,,,,,993,1084,,,,,901,,,,,
2004-03-14,1028,,,,,1038,1081,,,,,929,,,,,
2004-03-21,1021,,,,,1020,1037,,,,,987,,,,,
2004-03-28,880,,,,,844,957,,,,,1042,,,,,
2004-04-04,871,,,,,804,936,,,,,1086,,,,,
2004-04-11,908,,,,,859,989,,,,,1126,,,,,
2004-04-18,838,,,,,801,948,,,,,1120,,,,,
2004-04-25,828,,,,,753,1079,,,,,997,,,,,
2004-05-02,799,,,,,774,995,,,,,913,,,,,
2004-05-09,790,,,,,720,873,,,,,1018,,,,,
2004-05-16,852,,,,,815,855,,,,,1017,,,,,
2004-05-23,733,,,,,735,727,,,,,1117,,,,,
2004-05-30,707,,,,,655,685,,,,,1148,,,,,
2004-06-06,650,,,,,697,677,,,,,1067,,,,,
2004-06-13,668,,,,,637,673,,,,,1023,,,,,
2004-06-20,669,,,,,661,631,,,,,960,,,,,
2004-06-27,603,,,,,607,632,,,,,944,,,,,
2004-07-04,677,,,,,690,628,,,,,956,,,,,
2004-07-11,624,,,,,661,682,,,,,867,,,,,
2004-07-18,634,,,,,638,689,,,,,829,,,,,
2004-07-25,649,,,,,685,655,,,,,807,,,,,
2004-08-01,618,,,,,598,623,,,,,762,,,,,
2004-08-08,613,,,,,611,581,,,,,730,,,,,
2004-08-15,558,,,,,574,546,,,,,706,,,,,
2004-08-22,556,,,,,528,536,,,,,683,,,,,
2004-08-29,661,,,,,617,612,,,,,809,,,,,
2004-09-05,771,,,,,773,805,,,,,926,,,,,
2004-09-12,810,,,,,857,752,,,,,840,,,,,
2004-09-19,884,,,,,875,757,,,,,822,,,,,
2004-09-26,874,,,,,829,823,,,,,887,,,,,
2004-10-03,906,,,,,848,895,,,,,963,,,,,
2004-10-10,885,,,,,819,1038,,,,,953,,,,,
2004-10-17,946,,,,,912,1081,,,,,1068,,,,,
2004-10-24,933,,,,,860,1104,,,,,1175,,,,,
2004-10-31,1079,,,,,1009,1082,,,,,1295,,,,,
2004-11-07,1044,,,,,1037,1023,,,,,1461,,,,,
2004-11-14,1056,,,,,1022,1138,,,,,1515,,,,,
2004-11-21,1141,,,,,1158,1175,,,,,1400,,,,,
2004-11-28,1190,,,,,1269,1268,,,,,1344,,,,,
2004-12-05,1185,,,,,1174,1172,,,,,1460,,,,,
2004-12-12,1237,,,,,1319,1064,,,,,1699,,,,,
2004-12-19,1364,,,,,1297,1147,,,,,2244,,,,,
2004-12-26,1409,,,,,1459,1186,,,,,2208,,,,,
2005-01-02,1330,,,,,1438,1209,,,,,1679,,,,,
2005-01-09,1206,,,,,1246,1252,,,,,1505,,,,,
2005-01-16,1216,,,,,1262,1275,,,,,1355,,,,,
2005-01-23,1187,,,,,1208,1118,,,,,1419,,,,,
2005-01-30,1052,,,,,1030,977,,,,,1354,,,,,
2005-02-06,1092,,,,,1062,946,,,,,1374,,,,,
2005-02-13,1139,,,,,1074,1096,,,,,1327,,,,,
2005-02-20,1120,,,,,1087,1125,,,,,1242,,,,,
2005-02-27,1177,,,,,1112,1209,,,,,1465,,,,,
2005-03-06,1118,,,,,1025,1287,,,,,1394,,,,,
2005-03-13,1091,,,,,960,1407,,,,,1325,,,,,
2005-03-20,1131,,,,,1005,1214,,,,,1351,,,,,
2005-03-27,1066,,,,,933,1198,,,,,1351,,,,,
2005-04-03,981,,,,,893,1119,,,,,1441,,,,,
2005-04-10,945,,,,,843,1069,,,,,1295,,,,,
2005-04-17,894,,,,,841,995,,,,,1163,,,,,
2005-04-24,858,,,,,796,935,,,,,1168,,,,,
2005-05-01,900,,,,,906,855,,,,,1029,,,,,
2005-05-08,854,,,,,829,960,,,,,833,,,,,
2005-05-15,832,,,,,790,841,,,,,742,,,,,
2005-05-22,882,,,,,846,971,,,,,883,,,,,
2005-05-29,843,,,,,822,761,,,,,913,,,,,
2005-06-05,740,,,,,715,788,,,,,881,,,,,
2005-06-12,710,,,,,655,773,,,,,846,,,,,
2005-06-19,713,,,,,731,695,,,,,705,,,,,
2005-06-26,654,,,,,635,703,,,,,752,,,,,
2005-07-03,727,,577,,,717,634,913,892,608,647,957,,563,,,
2005-07-10,690,,613,,,664,680,961,867,646,643,1054,,587,,,
2005-07-17,748,,636,,,793,634,959,841,628,633,986,,564,,,
2005-07-24,664,,658,,,670,714,921,821,599,635,934,,575,,,
2005-07-31,690,,600,,,679,636,909,803,699,628,990,,542,,,
2005-08-07,698,,589,,,665,717,924,734,709,630,965,,556,,,
2005-08-14,641,,527,,,593,654,927,694,695,686,878,,561,,,
2005-08-21,641,,514,,,608,666,1039,664,782,668,774,,552,,,
2005-08-28,630,,534,,,571,737,1073,628,608,631,735,,541,,,
2005-09-04,811,,671,,,831,786,1056,641,790,628,942,,538,,,
2005-09-11,786,,691,,,744,818,1025,632,757,597,935,,520,,,
2005-09-18,855,,675,,,824,876,1063,707,829,598,911,,602,,,
2005-09-25,845,,652,,,811,873,1039,812,876,609,1009,,654,,,
2005-10-02,822,,689,,,779,1032,1016,976,821,611,904,,690,,,
2005-10-09,877,,862,,,838,996,985,996,957,605,861,,687,,,
2005-10-16,948,,724,,,935,1007,1023,947,914,618,1301,,692,,,
2005-10-23,1027,,847,,,995,1115,1021,934,937,640,1274,,690,,,
2005-10-30,1180,,969,,,1130,1288,1196,909,1019,693,1465,,734,,,
2005-11-06,1294,,1068,,,1296,1293,1282,878,1181,780,1569,,969,,,
2005-11-13,1279,,1072,,,1236,1320,1356,935,1158,893,1517,,1292,,,
2005-11-20,1311,,1419,,,1269,1291,1573,1045,1352,901,1425,,1203,,,
2005-11-27,1304,,1298,,,1228,1403,1592,1116,1403,999,1530,,1279,,,
2005-12-04,1407,,1202,,,1307,1411,1732,1196,1540,1059,1705,,1274,,,
2005-12-11,1393,,1176,,,1290,1443,1683,1135,1858,964,1488,,1539,,,
2005-12-18,1472,,1266,,,1366,1368,1772,1213,1879,900,1370,,1602,,,
2005-12-25,1540,,1266,,,1388,1415,1743,1182,1970,889,1346,,1647,,,
2006-01-01,1397,,1220,,,1315,1365,1774,1253,1743,884,1532,,1484,,,
2006-01-08,1383,,1059,,,1353,1424,1809,1371,1532,942,1603,,1401,,,
2006-01-15,1475,,1233,,,1351,1501,1823,1454,1723,960,1329,,1349,,,
2006-01-22,1310,,1439,,,1189,1315,1616,1496,1376,961,1227,,1397,,,
2006-01-29,1222,,1412,,,1066,1297,1528,1369,1265,984,1179,,1900,,,
2006-02-05,1169,,1224,,,1102,947,1429,1301,1310,965,1108,,2389,,,
2006-02-12,1064,,990,,,1002,1104,1300,1107,1048,919,1138,,1431,,,
2006-02-19,1137,,1136,,,1071,1084,1296,1150,1157,887,1349,,1485,,,
2006-02-26,1131,,1050,,,1125,960,1466,1252,1026,903,1393,,1355,,,
2006-03-05,1069,,877,,,1042,1096,1584,1490,966,926,1063,,1023,,,
2006-03-12,1088,,937,,,1021,1095,1627,1418,1255,869,1120,,1017,,,
2006-03-19,1038,,1081,,,881,1190,1547,1339,1224,827,1283,,941,,,
2006-03-26,950,,1063,,,866,1079,1302,1300,941,841,1065,,865,,,
2006-04-02,980,,871,,,943,928,1206,1199,1033,866,1021,,862,,,
2006-04-09,880,,827,,,852,801,1134,1148,943,835,1050,,858,,,
2006-04-16,933,,766,,,931,854,1107,1138,884,828,1302,,858,,,
2006-04-23,844,,813,,,804,859,1070,1068,809,903,1121,,787,,,
2006-04-30,855,,797,,,811,929,1030,1027,808,957,835,,736,,,
2006-05-07,869,,793,,,799,946,976,1155,860,1013,812,,681,,,
2006-05-14,909,,1167,,,842,1056,1020,1029,773,958,899,,632,,,
2006-05-21,894,,1022,,,877,824,972,1170,857,944,951,,589,,,
2006-05-28,823,,809,,,798,710,1018,1203,787,907,951,,587,,,
2006-06-04,776,,685,,,770,721,941,1097,679,897,1072,,564,,,
2006-06-11,815,,570,,,815,728,935,1098,790,869,1158,,534,,,
2006-06-18,780,,599,,,791,705,894,1035,690,850,963,,521,,,
2006-06-25,770,,585,,,770,744,873,959,667,821,874,,537,,,
2006-07-02,660,867,518,,1038,677,569,873,847,517,816,818,811,534,742,910,839
2006-07-09,759,822,496,,1076,807,661,827,842,654,774,791,773,573,710,847,775
2006-07-16,753,810,511,,1082,760,668,875,803,636,772,797,734,527,717,882,800
2006-07-23,774,799,453,,1015,798,670,849,813,740,769,801,734,570,708,815,813
2006-07-30,737,761,462,,976,740,771,818,816,662,708,813,756,566,689,794,788
2006-08-06,790,736,557,,1010,816,692,847,774,633,741,786,770,554,680,838,834
2006-08-13,713,766,678,,943,744,686,778,766,654,632,746,803,518,687,828,852
2006-08-20,731,760,666,,978,711,712,808,780,807,635,758,787,517,690,765,841
2006-08-27,786,734,637,,1099,775,745,940,783,819,602,779,769,508,749,768,863
2006-09-03,856,961,782,,1098,822,890,973,810,814,566,744,773,665,781,838,925
2006-09-10,909,1063,785,,1300,843,1238,1010,917,786,589,851,794,740,877,927,990
2006-09-17,994,1122,831,,1594,923,1025,860,960,874,656,1164,785,885,1035,1044,1117
2006-09-24,970,972,803,,1443,921,1083,823,1065,909,692,1188,802,967,1044,1258,1139
2006-10-01,988,964,804,,1388,951,978,775,1097,945,750,1112,777,830,1061,1255,1163
2006-10-08,1158,1233,1046,,1547,1121,1141,1043,1291,1183,710,1216,760,756,1067,1279,1257
2006-10-15,1181,1327,1092,,1621,1150,1203,1276,1238,1147,673,1061,752,974,1100,1366,1292
2006-10-22,1163,1230,1023,,1740,1126,1212,1125,1114,1259,695,1075,788,1103,1156,1211,1355
2006-10-29,1171,1229,990,,1839,1053,1302,1163,1158,1358,679,1174,814,1121,1172,1248,1167
2006-11-05,1319,1274,1165,,1712,1324,1328,1393,1254,1393,698,1160,877,1052,1118,1232,1081
2006-11-12,1372,1383,1352,,1585,1339,1328,1251,1473,1494,884,1357,878,1198,1113,1487,1080
2006-11-19,1409,1584,1130,,1478,1349,1539,1318,1353,1542,1043,1256,1026,1123,1245,1452,1342
2006-11-26,1464,1687,1234,,1394,1470,1437,1604,1479,1626,1081,1374,1114,1287,1218,1426,1363
2006-12-03,1615,1778,1310,,1498,1628,1479,1647,1409,1683,1092,1510,1160,1647,1215,1916,1376
2006-12-10,1725,1966,1456,,1670,1718,1686,2012,1326,1891,1183,1814,1149,1668,1258,2172,1369
2006-12-17,1654,2165,1590,,1875,1563,1598,1588,1356,1816,1178,1788,1125,1753,1414,1957,1231
2006-12-24,1740,2150,1378,,2019,1659,1675,1306,1506,1978,1265,1890,1148,1824,1398,1616,1363
2006-12-31,1617,2121,1409,,2100,1519,1569,1462,1482,1934,1351,1827,1236,2648,1545,1344,1290
2007-01-07,1987,3432,2095,,2639,2002,2266,2466,1763,2813,1462,3140,1915,3024,1939,2855,3540
2007-01-14,3041,3288,3160,,5003,2760,3018,3056,3044,3260,1430,3317,2145,1836,3160,3553,5260
2007-01-21,2911,3230,3269,,4520,2714,2685,2960,2567,4116,1602,3079,1845,1894,3745,3269,3463
2007-01-28,2538,2698,3565,,3545,2292,2322,2503,2744,3176,1391,2157,1690,2629,3474,2522,2354
2007-02-04,2229,2283,2608,,3116,2012,2329,1834,2378,2652,1692,2291,1627,1788,2916,2370,2076
2007-02-11,2057,2229,2278,,2753,1908,1761,1852,1774,2523,1280,2139,1678,1762,2925,1780,2320
2007-02-18,2096,2059,2177,,2362,2100,1770,2194,2299,2359,1162,2099,1502,2048,2733,1867,1874
2007-02-25,1939,1864,1604,,2278,2041,1757,2022,2236,2026,1131,1971,1588,1899,2193,1670,1777
2007-03-04,1777,1690,1215,,2026,1958,1601,1821,1968,1854,1021,1664,1676,1396,2184,1544,1281
2007-03-11,1678,1574,1187,,1960,1869,1637,1750,1980,1507,886,1748,1577,1429,2057,1420,1217
2007-03-18,1555,1788,1136,,1796,1640,1691,1501,2228,1260,899,1984,1321,1236,1790,1592,1229
2007-03-25,1485,1689,1004,,1744,1558,1635,1412,2295,1203,999,1808,1201,1124,1557,1350,1217
2007-04-01,1159,1599,955,,1629,1144,1253,1058,1669,1142,926,1356,1083,1047,1225,1283,1228
2007-04-08,1207,1315,1089,,1506,1169,1221,930,1156,1263,1043,1154,1137,1107,1177,1265,1063
2007-04-15,1174,1188,1031,,1428,1200,1280,1159,1521,1001,1023,1179,1093,925,1075,1308,966
2007-04-22,1112,1223,852,,1349,1156,1343,1154,1128,987,879,1120,969,861,943,1152,954
2007-04-29,1081,1228,975,,1250,1136,1153,872,931,874,747,1117,994,1004,855,1016,861
2007-05-06,1040,1190,888,,1176,1093,1132,721,1002,866,839,1165,991,899,837,976,893
2007-05-13,1071,1198,894,,1180,1071,1104,980,1347,882,935,1261,971,840,885,1029,1115
2007-05-20,1059,1054,949,,1419,1088,1094,995,1271,997,755,1306,988,820,796,990,1253
2007-05-27,1010,944,973,,1401,1018,1071,870,1191,1011,670,1023,978,827,820,1253,1053
2007-06-03,990,931,718,,1420,1017,1001,1098,1028,976,744,1008,947,730,932,1132,1306
2007-06-10,949,962,621,,1323,949,887,1053,1018,1011,935,1172,985,666,980,1063,1073
2007-06-17,873,998,573,,1357,889,785,857,914,810,1018,1019,914,610,926,1163,862
2007-06-24,815,943,558,,1314,828,803,772,840,760,869,931,887,572,855,999,934
2007-07-01,810,931,545,1062,1200,861,801,652,855,836,774,887,906,542,815,920,1002
2007-07-08,830,864,479,1007,1170,845,876,612,842,851,768,913,910,501,767,934,1043
2007-07-15,847,808,507,974,1098,869,859,716,777,788,834,927,1030,548,743,885,946
2007-07-22,795,745,515,1033,1091,828,810,743,800,720,857,922,997,511,705,901,960
2007-07-29,822,765,496,1055,1047,845,865,742,785,748,800,865,916,496,683,852,929
2007-08-05,820,820,505,1015,930,845,904,804,774,848,746,885,858,510,643,822,971
2007-08-12,782,824,552,980,856,787,865,750,737,823,733,904,750,514,591,768,806
2007-08-19,731,850,644,933,877,753,696,779,697,727,598,807,668,663,593,742,741
2007-08-26,809,818,697,935,878,842,786,783,660,779,581,861,619,703,711,792,671
2007-09-02,957,813,768,909,887,990,989,920,760,927,579,1001,621,778,786,931,844
2007-09-09,1070,835,781,952,915,1080,1050,1114,1082,968,691,1487,626,834,1087,1170,1019
2007-09-16,1165,1151,846,916,925,1207,1203,1347,1327,1048,735,1466,700,931,1084,1102,1163
2007-09-23,1160,1237,982,931,1152,1144,1247,1074,1303,1140,860,1206,826,903,1107,1219,1134
2007-09-30,1183,1189,1041,924,1188,1173,1303,1218,1204,1108,1143,1287,932,1138,983,1106,1038
2007-10-07,1255,1193,1126,1035,1281,1218,1423,1060,1214,1139,1078,1333,955,1158,910,1104,1073
2007-10-14,1198,1325,1000,1182,1537,1147,1301,1056,1288,1142,1061,1430,872,1270,957,1198,1078
2007-10-21,1236,1547,1006,1188,1562,1199,1335,1124,1169,1227,1097,1291,903,1230,965,1363,1253
2007-10-28,1329,1363,923,1190,1480,1341,1351,1034,1366,1252,1243,1392,944,1218,1241,1549,1307
2007-11-04,1423,1307,1052,1363,1661,1462,1447,1302,1495,1358,1233,1562,1001,1326,1261,1529,1232
2007-11-11,1429,1512,978,1804,1735,1507,1415,1211,1488,1316,1155,1320,1124,1213,1445,1618,1407
2007-11-18,1516,1521,1087,1873,1743,1639,1377,1332,1488,1415,1132,1351,1125,1550,1339,1703,1428
2007-11-25,1514,1491,1348,1856,1767,1543,1542,1529,1727,1499,1271,1539,1120,1457,1265,1294,1443
2007-12-02,1527,1409,1308,1852,1738,1625,1451,1622,1385,1502,1193,1813,1152,1268,1256,1291,1212
2007-12-09,1717,1889,1584,1848,1732,1797,1712,1991,1644,1652,1195,1812,1366,1415,1202,1440,1343
2007-12-16,1718,1826,1374,1834,1714,1789,1654,1567,1634,1710,1344,1984,1443,1778,1185,1541,1395
2007-12-23,1854,1955,1600,1767,1781,1843,1796,1680,1758,1951,1456,1827,1566,1907,1437,1872,1558
2007-12-30,1649,1776,1417,1627,1774,1604,1562,1655,1641,1921,1433,1654,1397,1987,1497,1840,1467
2008-01-06,1948,2301,1739,2284,1973,2011,2182,2650,2523,2178,1595,2201,1563,2615,2054,2582,2254
2008-01-13,2907,2431,2085,4983,2584,2646,3157,2238,2678,3605,1921,2468,1696,2730,5416,2688,4630
2008-01-20,2579,2310,2725,5030,2793,2321,2873,1941,2696,2732,1606,1988,1701,2329,3312,2073,4435
2008-01-27,2218,2177,2263,3925,2890,2222,2045,2101,2445,2219,1342,1925,1748,2424,2449,2230,2043
2008-02-03,1924,1765,1982,3003,2616,1842,1880,1768,2139,1907,1219,1980,2018,2346,2224,1663,3047
2008-02-10,1691,1731,1602,2467,2451,1619,1699,1484,1875,1797,1053,1659,1616,2091,2533,1556,1939
2008-02-17,1699,1827,1812,2190,2438,1604,1831,1803,1757,1660,1179,1600,1400,2277,1999,1181,1497
2008-02-24,1615,1933,1735,1891,2407,1541,1899,1606,1458,1505,1140,1459,1202,2063,1669,1064,1501
2008-03-02,1524,1771,1301,1680,2255,1503,1692,1295,1358,1544,1059,1451,1242,2089,1466,1015,1223
2008-03-09,1380,1926,1289,1701,2350,1338,1546,1064,1345,1296,1239,1310,1110,2178,1526,985,1131
2008-03-16,1203,1706,1232,1675,2103,1162,1264,880,1322,1195,1081,1019,1048,1839,1277,1053,1067
2008-03-23,1165,1322,1142,1608,1863,1145,1242,921,1233,1122,896,1067,1050,1442,1282,1222,1023
2008-03-30,1091,1089,1086,1444,1675,1150,1173,889,1156,971,1034,990,1041,1211,1133,1015,982
2008-04-06,1054,1057,947,1379,1561,1073,1098,868,1249,967,1063,958,1077,945,922,945,911
2008-04-13,1001,1132,801,1293,1414,1037,994,1006,1212,904,787,891,1054,922,966,1057,937
2008-04-20,1006,1187,834,1282,1357,1047,1074,945,1219,950,745,813,1042,839,896,1165,858
2008-04-27,905,1168,777,1246,1265,928,962,845,1073,804,674,767,999,768,863,1075,931
2008-05-04,880,1039,742,1201,1213,910,955,767,915,813,694,817,1040,772,817,937,1016
2008-05-11,851,999,871,1171,1142,862,854,728,882,753,905,739,902,757,719,923,970
2008-05-18,849,973,692,1111,1135,860,872,858,891,785,887,744,791,764,702,1005,857
2008-05-25,849,1101,696,1095,1072,880,859,876,923,723,770,873,754,858,633,970,719
2008-06-01,790,1185,765,1046,1022,814,770,726,809,732,1015,780,794,666,655,844,824
2008-06-08,757,1012,600,1094,980,789,754,594,864,667,989,726,837,617,689,858,881
2008-06-15,717,865,478,1057,930,786,692,687,941,618,780,719,791,655,711,920,933
2008-06-22,703,799,520,1063,907,758,646,640,880,590,762,718,786,582,695,999,971
2008-06-29,681,730,461,1044,878,738,656,614,901,626,735,813,745,541,658,927,902
2008-07-06,681,668,486,1018,844,754,612,648,783,590,692,758,753,529,653,976,991
2008-07-13,712,713,456,992,808,797,661,709,755,617,655,654,760,548,642,914,863
2008-07-20,688,678,480,978,779,751,716,660,763,570,656,660,790,537,580,832,816
2008-07-27,698,690,469,987,777,780,676,659,692,583,672,700,837,527,538,871,820
2008-08-03,653,733,432,960,752,689,670,636,700,606,724,678,801,543,509,865,838
2008-08-10,633,718,537,981,746,664,636,640,658,586,656,592,759,555,486,835,823
2008-08-17,633,709,481,933,743,669,616,580,645,605,596,523,707,572,478,699,808
2008-08-24,707,707,572,899,724,762,704,544,639,656,595,731,652,520,470,762,719
2008-08-31,799,859,626,856,809,842,1021,681,730,765,619,782,597,805,827,713,628
2008-09-07,865,1055,803,841,989,889,1069,749,868,816,620,743,617,827,795,856,698
2008-09-14,914,821,716,835,1046,956,1158,783,956,831,844,717,763,824,905,867,786
2008-09-21,953,906,746,964,1154,955,1247,791,955,922,874,795,784,924,1051,903,998
2008-09-28,1022,862,744,1108,1133,1028,1453,847,898,1019,937,1018,785,760,1030,1059,1148
2008-10-05,1018,885,768,1167,1092,1021,1344,782,958,1074,921,1026,988,659,1182,989,1135
2008-10-12,1035,929,825,1212,1024,1050,1159,978,1048,1004,796,1018,880,933,1115,906,1255
2008-10-19,1101,1080,859,1216,1094,1102,1114,1120,1048,1135,997,1144,987,837,1322,1094,1269
2008-10-26,1142,1245,826,1242,1251,1127,1316,1047,1099,1195,932,1035,1000,893,1255,1035,1380
2008-11-02,1241,1488,997,1305,1230,1284,1561,1064,1125,1276,1018,1039,1073,963,1261,1284,1358
2008-11-09,1254,1361,1083,1401,1304,1253,1539,1075,1003,1275,1173,1098,999,1086,1275,1231,1487
2008-11-16,1285,1701,1033,1586,1268,1246,1538,1035,1104,1420,1212,1294,1112,1106,1327,1315,1460
2008-11-23,1297,1407,1085,1853,1183,1279,1607,1059,1220,1345,1218,1131,1155,1398,1250,1293,1380
2008-11-30,1376,1175,988,1459,1572,1445,1609,1286,1388,1340,1244,1290,1071,1195,1448,1308,1380
2008-12-07,1471,1247,1133,1454,1860,1612,1691,1435,1387,1472,1357,1311,1254,1122,1382,1391,1362
2008-12-14,1535,1677,941,1501,1548,1755,2021,1354,1591,1505,1452,1388,1311,1195,1472,1546,1246
2008-12-21,1450,1439,955,1570,1291,1717,1800,1146,1454,1294,1162,1458,1171,1250,1450,1396,1441
2008-12-28,1424,1662,948,1580,1181,1568,1733,1233,1431,1480,1257,1498,1209,1314,1514,1467,1414
2009-01-04,1441,2097,1106,1435,1714,1548,2008,1528,1608,1589,1325,1600,1827,2513,1810,1768,1489
2009-01-11,1975,2671,1783,1599,2428,1645,2463,1974,1908,2420,1709,2165,1770,2719,3229,2784,3231
2009-01-18,2092,2187,2115,3343,2352,1700,2116,1725,1557,2308,2400,1915,1541,1698,3525,2587,4158
2009-01-25,1925,1824,1816,2800,2043,1794,2102,1838,1762,2032,1852,2020,1288,1427,2311,1885,2281
2009-02-01,1712,1502,1586,2147,1573,1710,1735,1465,1709,1730,1512,1748,1639,1358,1994,2000,1995
2009-02-08,1620,1674,1774,1798,1630,1643,1460,1538,1445,1583,1694,1873,1663,1501,1786,1680,1543
2009-02-15,1578,1314,1590,1528,1516,1638,1594,1468,1651,1344,1564,1687,1151,1411,1834,1509,1803
2009-02-22,1503,1312,1529,1296,1579,1578,1610,1394,1908,1290,1505,1660,1028,1195,1532,1443,1275
2009-03-01,1542,1499,1543,1172,1651,1549,1704,1408,2031,1249,1183,1641,1097,1423,1437,1758,1348
2009-03-08,1443,1300,1341,1143,1529,1505,1630,1282,1976,1141,1442,1581,1028,1420,1245,1518,1357
2009-03-15,1257,1267,1182,1115,1398,1288,1442,1088,1393,1038,1100,1304,986,1063,1154,1501,1099
2009-03-22,1185,1153,1127,1022,1308,1192,1290,1020,1483,1048,1103,1170,981,1063,1059,1312,1067
2009-03-29,1102,1054,1094,991,1117,1110,1172,932,1253,945,1124,1039,844,943,1012,1081,882
2009-04-05,956,991,860,1002,1106,921,921,804,1029,947,996,855,831,1035,870,1046,716
2009-04-12,913,943,830,926,939,886,1096,862,956,811,785,837,784,838,833,956,696
2009-04-19,998,1131,809,902,1039,1018,1174,903,1299,815,851,864,828,749,914,1174,906
2009-04-26,1207,1613,1064,1105,1215,1309,1353,1055,1467,1142,1112,1183,1164,1051,1436,1485,1267
2009-05-03,870,989,770,1073,907,872,928,744,958,750,772,840,874,801,766,938,962
2009-05-10,876,902,782,1178,972,904,800,839,991,768,836,822,770,734,730,898,747
2009-05-17,801,747,757,1079,822,826,892,782,657,640,833,727,609,667,783,927,884
2009-05-24,758,678,687,1018,742,789,802,765,946,675,762,829,588,618,668,824,829
2009-05-31,794,732,805,892,833,818,794,791,997,712,701,826,723,579,743,904,938
2009-06-07,840,889,669,841,855,864,818,784,817,701,723,1004,1221,651,743,879,910
2009-06-14,787,794,643,904,753,802,744,732,821,694,719,692,1033,609,727,816,1196
2009-06-21,740,728,608,1200,643,727,739,719,669,644,719,731,983,481,687,867,1260
2009-06-28,702,723,508,1454,609,683,765,581,635,610,711,746,890,411,754,788,1129
2009-07-05,685,709,512,1333,668,671,766,543,700,552,706,690,830,418,647,778,967
2009-07-12,705,673,510,1261,647,698,773,558,757,563,663,668,882,443,709,761,964
2009-07-19,689,644,492,1204,699,688,780,595,699,580,692,596,743,473,716,760,905
2009-07-26,669,658,509,1051,618,661,772,554,677,586,730,667,684,499,744,721,790
2009-08-02,663,696,558,1011,608,661,804,517,679,572,670,673,645,496,823,681,782
2009-08-09,643,706,534,942,609,651,801,498,685,571,668,585,632,443,674,680,714
2009-08-16,653,692,736,886,651,652,722,521,682,638,677,596,629,506,738,638,747
2009-08-23,677,666,841,798,666,691,791,573,662,682,581,670,575,610,683,663,689
2009-08-30,810,699,910,755,838,803,924,631,748,813,706,938,652,757,789,919,689
2009-09-06,1003,944,1000,803,961,935,1174,806,861,1157,738,1185,747,949,1257,1034,957
2009-09-13,1135,1096,1112,948,1085,1056,1298,965,1331,1289,965,1419,817,993,1127,1189,933
2009-09-20,1188,1368,1348,1093,1032,1125,1308,1019,1204,1198,1039,1350,745,1067,1187,1144,1042
2009-09-27,1178,1562,1533,1050,1286,1125,1302,955,1283,1121,1035,1293,692,1090,1078,1081,1007
2009-10-04,1175,1536,1648,1088,1320,1121,1332,996,1194,1127,1002,1084,797,1047,1147,1000,950
2009-10-11,1131,1244,1708,1228,1416,1026,1294,921,1287,1086,875,945,737,967,1130,1025,861
2009-10-18,1106,1327,1482,1256,1404,999,1324,909,1180,1099,970,942,749,912,1143,1064,905
2009-10-25,1123,1270,1403,1512,1440,994,1313,854,1179,1214,979,992,805,983,1105,981,966
2009-11-01,1242,1274,1411,1485,1534,1158,1451,957,1345,1295,1034,1007,882,965,1316,1178,949
2009-11-08,1307,1530,1446,1378,1393,1232,1503,1042,1472,1265,1060,1210,803,1057,1295,1335,1159
2009-11-15,1334,1485,1158,1271,1302,1347,1542,1162,1413,1215,1141,1253,956,1194,1359,1371,1398
2009-11-22,1370,1682,1284,1197,1296,1413,1486,1130,1320,1324,1143,1275,965,1459,1343,1307,1537
2009-11-29,1335,1481,1260,1251,1363,1361,1399,1226,1337,1242,1077,1315,834,1381,1383,1405,1411
2009-12-06,1376,1442,1142,1373,1228,1517,1281,1319,1186,1402,1256,1358,830,1170,1371,1306,1415
2009-12-13,1398,1427,1080,1272,1287,1625,1314,1380,1323,1347,1302,1161,1052,1048,1254,1359,1404
2009-12-20,1360,1471,1199,1331,1330,1508,1306,1093,1454,1355,1279,1357,951,1184,1258,1292,1376
2009-12-27,1478,1549,1341,1268,1507,1565,1472,1206,1605,1536,1528,1339,1056,1377,1522,1393,1675
2010-01-03,1435,1827,1339,1421,1517,1394,1521,1156,1389,1531,1259,1300,1280,1720,1656,1465,1616
2010-01-10,1518,1655,1315,1537,1801,1444,1623,1300,1507,1552,1368,1382,1643,1572,1701,1698,1925
2010-01-17,1713,1728,1176,1788,1983,1622,1863,1499,1755,1664,1641,1597,1809,1493,1825,1998,2190
2010-01-24,1781,1850,1402,1749,1990,1619,1729,1662,1626,1738,1421,1719,1508,1256,2018,1935,1756
2010-01-31,1527,1534,1439,1736,1663,1393,1490,1365,1314,1590,1265,1562,1533,1171,1832,1576,1542
2010-02-07,1567,1592,1547,1604,1690,1434,1535,1491,1492,1804,1344,1654,1552,1447,1938,1454,1374
2010-02-14,1599,1778,1546,1420,1932,1481,1539,1398,1617,1763,1253,1556,1350,1435,2202,1520,1956
2010-02-21,1627,1865,1306,1548,1753,1561,1580,1599,1786,1630,1349,1621,1383,1472,1770,1579,1714
2010-02-28,1739,1820,1336,1539,1533,1683,1735,1724,1574,1681,1438,2072,1379,1391,2039,1674,1902
2010-03-07,1667,1679,1354,1612,1603,1620,1703,1576,1814,1508,1622,1864,1497,1479,1877,1690,1903
2010-03-14,1515,1661,1280,1560,1458,1482,1611,1426,1668,1295,1497,1491,1339,1444,1437,1580,1525
2010-03-21,1351,1391,1100,1384,1146,1339,1471,1134,1472,1147,1194,1392,1166,1277,1348,1597,1238
2010-03-28,1037,1335,863,1291,950,1011,1141,877,1114,959,833,937,875,890,985,1228,1059
2010-04-04,917,1246,687,1090,915,927,992,782,870,827,795,883,830,770,785,1026,867
2010-04-11,1009,1060,786,947,830,979,1020,927,1115,777,882,999,755,781,854,1104,924
2010-04-18,890,924,807,907,747,867,934,811,1048,726,766,930,657,710,689,1023,881
2010-04-25,907,926,801,936,888,901,1025,860,934,791,761,859,656,630,769,901,893
2010-05-02,850,876,775,997,1030,856,908,864,917,750,722,832,644,647,662,890,920
2010-05-09,811,845,820,949,801,834,785,781,811,722,725,786,667,691,734,839,899
2010-05-16,817,868,793,906,760,849,839,742,886,738,689,698,784,707,661,819,851
2010-05-23,775,840,849,877,755,766,817,756,838,672,703,666,747,650,646,833,949
2010-05-30,778,738,765,950,703,822,768,708,770,681,745,769,688,706,609,851,943
2010-06-06,715,721,634,920,588,763,690,624,833,597,721,693,661,672,588,793,979
2010-06-13,677,659,615,901,552,710,580,613,809,590,747,711,637,541,633,748,838
2010-06-20,687,665,665,880,538,755,601,609,818,562,721,811,696,476,649,728,861
2010-06-27,630,626,571,869,477,712,607,586,747,487,695,691,694,414,536,639,765
2010-07-04,615,583,567,848,442,720,630,564,742,474,633,677,623,450,469,570,752
2010-07-11,673,635,562,873,462,743,689,644,820,568,692,700,576,417,548,697,829
2010-07-18,713,756,541,869,519,760,751,643,731,596,848,650,615,414,610,745,889
2010-07-25,704,776,548,914,550,741,713,589,746,592,885,706,751,490,560,693,920
2010-08-01,753,841,583,899,626,794,771,617,738,697,806,729,782,448,643,802,857
2010-08-08,763,862,649,893,674,797,787,628,788,726,810,609,899,531,643,760,1002
2010-08-15,767,843,546,937,606,800,731,593,766,729,789,721,892,493,641,783,1151
2010-08-22,785,729,610,1013,645,835,813,606,714,763,839,654,904,542,656,761,1186
2010-08-29,846,713,657,1108,715,876,882,705,858,774,820,784,796,728,699,868,1163
2010-09-05,913,753,779,1227,841,918,880,797,834,768,924,916,806,830,920,1044,1222
2010-09-12,947,780,921,1119,869,949,927,835,974,768,1054,1098,739,835,871,961,1218
2010-09-19,927,861,909,1073,807,959,849,760,858,797,1042,1044,735,709,898,955,1063
2010-09-26,969,965,771,1082,972,981,902,797,989,893,1089,1004,856,736,990,1030,1210
2010-10-03,1055,977,815,1212,1136,1008,1056,868,1154,1050,1117,1034,1012,761,989,1074,1412
2010-10-10,1099,988,911,1462,1113,1044,1126,806,1164,1062,1165,1059,963,981,1137,1060,1443
2010-10-17,1105,943,902,1351,1115,1084,1116,863,1225,1110,1172,1090,1046,980,1103,1065,1281
2010-10-24,1111,1114,981,1225,1090,1070,1159,878,1198,1063,1251,1111,1024,1124,1092,1085,1134
2010-10-31,1165,1167,1080,1130,1178,1101,1216,944,1169,1159,1244,1149,926,1204,1082,1198,1132
2010-11-07,1283,1355,1134,1049,1217,1270,1401,979,1435,1228,1308,1188,983,1282,1168,1261,1191
2010-11-14,1365,1402,1257,1069,1317,1386,1443,1041,1518,1315,1457,1182,932,1621,1182,1176,1245
2010-11-21,1412,1455,1278,1082,1421,1474,1509,1145,1472,1322,1412,1305,885,1730,1188,1194,1097
2010-11-28,1478,1733,1499,1009,1546,1550,1599,1218,1315,1386,1178,1323,925,1757,1299,1234,1110
2010-12-05,1678,2150,1590,1264,1770,1823,1926,1496,1700,1566,1308,1422,1012,1792,1324,1329,1261
2010-12-12,1906,2002,1691,1404,2131,2184,2146,1706,2008,1646,1561,1732,1208,1702,1590,1661,1517
2010-12-19,1974,1970,1462,1445,1901,2428,2200,1851,2146,1577,1751,1990,1312,1404,1394,1579,1746
2010-12-26,1959,1788,1487,1693,1649,2328,2046,1915,2148,1539,1832,2223,1341,1392,1419,1775,1782
2011-01-02,1604,1632,1341,1704,1447,1811,1560,1604,1765,1280,1593,1712,1174,1368,1168,1548,1418
2011-01-09,1436,1522,1514,1748,1419,1619,1476,1327,1535,1183,1599,1361,1078,1470,1070,1404,1266
2011-01-16,1470,1665,1590,2141,1812,1512,1648,1345,1829,1146,1670,1461,1133,1568,1205,1550,1359
2011-01-23,1576,1936,1638,2182,1782,1506,1669,1405,1728,1284,1473,1610,1123,1516,1535,1686,1515
2011-01-30,1522,1759,1596,1992,1480,1445,1447,1334,1832,1264,1346,1522,1091,1336,1426,1509,1458
2011-02-06,1434,1342,1454,1569,1459,1301,1345,1242,1764,1267,1523,1368,998,1323,1590,1417,1232
2011-02-13,1411,1353,1538,1366,1378,1432,1313,1275,1679,1216,1307,1666,1000,1262,1670,1444,1423
2011-02-20,1413,1401,1393,1504,1301,1479,1219,1422,1667,1070,1496,1575,1044,1251,1424,1389,1456
2011-02-27,1435,1712,1348,1535,1401,1484,1216,1451,1524,1077,1369,1565,1048,1138,1369,1417,1584
2011-03-06,1472,1428,1336,1431,1506,1474,1238,1423,1822,1169,1516,1503,1122,1213,1428,1367,1430
2011-03-13,1327,1273,1333,1239,1373,1350,1136,1216,1593,1025,1457,1489,1091,1165,1265,1371,1628
2011-03-20,1162,1117,1209,1155,1150,1235,1036,1113,1405,829,1171,1167,981,960,961,1247,1314
2011-03-27,1036,1004,1024,1125,973,1104,959,997,1343,748,1004,1020,842,816,861,1009,947
2011-04-03,949,871,999,1055,887,1037,932,905,1067,772,889,925,729,795,777,879,858
2011-04-10,861,870,930,923,866,910,802,776,857,675,904,758,733,734,703,898,864
2011-04-17,746,796,828,948,692,800,659,731,853,577,740,776,703,667,536,789,851
2011-04-24,735,743,761,854,656,802,726,657,783,572,752,719,666,632,575,759,838
2011-05-01,736,686,784,826,661,785,695,706,740,604,670,685,577,598,630,790,897
2011-05-08,675,609,683,801,615,713,690,673,782,576,698,636,550,530,540,700,738
2011-05-15,708,669,643,792,649,740,720,702,800,615,741,647,589,618,593,702,854
2011-05-22,683,647,711,842,647,716,692,626,737,565,696,716,599,596,598,644,829
2011-05-29,669,564,683,818,576,724,647,658,748,529,656,672,607,626,525,646,987
2011-06-05,675,514,686,825,563,722,611,669,756,552,622,660,584,659,652,690,1078
2011-06-12,630,503,618,820,496,714,547,568,671,516,616,636,537,502,534,615,1060
2011-06-19,555,488,454,837,385,635,515,498,620,456,604,524,498,445,508,600,849
2011-06-26,542,467,478,846,374,603,533,469,604,428,559,526,502,411,498,535,852
2011-07-03,578,451,433,804,431,656,598,527,639,492,600,557,581,417,497,554,815
2011-07-10,600,455,454,752,414,704,602,558,737,448,682,547,599,398,490,576,768
2011-07-17,594,464,438,693,372,713,648,513,681,473,642,544,579,408,538,567,824
2011-07-24,612,466,483,643,457,705,624,544,685,479,626,583,565,405,527,592,742
2011-07-31,581,499,436,632,381,690,614,516,695,433,647,573,565,380,471,554,774
2011-08-07,494,465,410,593,353,594,503,414,644,412,702,420,545,323,379,487,650
2011-08-14,510,452,436,589,389,598,513,447,630,390,637,495,484,362,443,521,586
2011-08-21,492,411,441,581,410,548,501,435,581,432,552,483,470,412,392,464,542
2011-08-28,543,437,443,547,549,607,548,470,550,495,553,571,484,462,502,492,543
2011-09-04,638,471,505,535,631,684,667,555,671,578,599,696,565,562,542,626,664
2011-09-11,657,504,512,520,568,727,691,586,779,560,675,744,573,506,569,615,692
2011-09-18,709,577,561,573,564,781,711,626,697,612,792,818,593,577,589,649,803
2011-09-25,777,720,707,660,660,860,746,649,753,693,913,798,718,570,603,647,960
2011-10-02,807,785,732,698,713,882,798,666,918,747,849,872,722,538,665,696,966
2011-10-09,822,775,814,726,776,934,750,686,887,738,950,819,699,548,742,690,996
2011-10-16,962,848,834,729,858,1104,929,848,1050,897,1098,954,726,574,781,816,1073
2011-10-23,1020,1025,855,830,945,1176,991,979,1191,915,1158,1056,764,621,820,865,965
2011-10-30,1067,944,982,808,1015,1233,1082,970,1167,1100,1216,967,886,775,909,937,923
2011-11-06,1093,925,985,811,1034,1228,1169,968,1176,1124,1180,1063,837,850,1011,978,954
2011-11-13,1056,938,1014,832,1009,1174,1099,925,1104,1037,1080,1031,927,857,941,933,896
2011-11-20,1036,892,1096,833,1015,1243,1089,933,1048,987,1098,1011,819,733,796,820,952
2011-11-27,1115,1002,1105,922,1075,1345,1178,1037,1126,1016,1041,1064,968,865,791,883,982
2011-12-04,1184,1049,1117,943,1310,1530,1185,1053,1153,1039,1128,1153,1096,919,771,934,1046
2011-12-11,1283,965,1181,1005,1191,1656,1268,1136,1399,1155,1087,1462,1109,929,906,1033,1157
2011-12-18,1359,1104,1287,981,1220,1756,1287,1101,1265,1339,1149,1829,970,1093,945,1086,1323
2011-12-25,1473,1180,1385,980,1262,1908,1345,1214,1456,1563,1481,1835,950,1194,1161,1321,1431
2012-01-01,1362,1077,1334,1033,1369,1677,1316,1150,1382,1467,1405,1373,1216,1162,1112,1343,1311
2012-01-08,1458,1247,1459,1333,1631,1792,1374,1344,1556,1633,1527,1272,1222,1318,1333,1553,1592
2012-01-15,1517,1529,1418,1547,1519,1802,1542,1483,1732,1611,1570,1453,1185,1274,1303,1437,1696
2012-01-22,1579,1390,1455,1296,1616,1739,1672,1465,1749,1570,1416,1441,1119,1338,1400,1334,1602
2012-01-29,1496,1341,1402,1205,1386,1517,1660,1324,1583,1393,1320,1353,1037,1410,1279,1230,1382
2012-02-05,1420,1203,1481,1282,1481,1423,1556,1289,1402,1490,1051,1419,924,1508,1393,1169,1638
2012-02-12,1325,1138,1229,1339,1417,1440,1239,1234,1387,1330,1067,1395,1047,1349,1412,1130,1326
2012-02-19,1349,1342,1201,1317,1282,1451,1243,1308,1479,1394,1181,1582,1168,1259,1515,1137,1401
2012-02-26,1362,1573,1246,1285,1342,1476,1301,1378,1348,1319,1334,1605,1254,1178,1463,1225,1311
2012-03-04,1383,1425,1224,1297,1385,1519,1355,1421,1285,1354,1262,1687,998,1282,1408,1309,1547
2012-03-11,1317,1237,1148,1225,1197,1404,1481,1284,1333,1114,1185,1545,1003,1267,1187,1206,1465
2012-03-18,1176,1057,1000,985,1176,1254,1440,1072,1253,1047,1038,1309,897,946,1057,1067,1362
2012-03-25,1084,998,901,882,1111,1213,1238,1050,1187,888,959,1110,883,924,834,1017,1261
2012-04-01,982,912,867,847,905,1157,1121,932,959,908,992,1097,749,749,723,803,979
2012-04-08,921,874,780,795,801,1079,1012,901,1003,797,837,989,808,726,779,864,890
2012-04-15,877,840,739,740,817,984,944,859,975,747,738,905,771,676,795,835,860
2012-04-22,844,772,713,738,717,970,828,774,846,815,894,851,643,605,675,777,1047
2012-04-29,816,720,705,735,686,920,820,746,760,784,898,886,853,592,667,809,1017
2012-05-06,790,733,781,725,643,885,831,746,828,779,828,847,764,630,691,703,973
2012-05-13,824,755,749,767,741,954,821,775,930,827,848,801,737,654,696,785,944
2012-05-20,813,807,742,739,685,947,780,785,840,898,809,844,675,648,772,859,903
2012-05-27,791,705,754,728,677,917,735,749,840,791,868,895,653,675,697,821,980
2012-06-03,792,630,719,751,669,915,776,764,907,772,832,791,632,687,674,813,1028
2012-06-10,796,643,675,787,687,938,767,750,884,748,837,855,678,605,636,725,1087
2012-06-17,773,668,646,783,551,925,770,687,791,781,840,867,635,536,665,672,1044
2012-06-24,730,621,551,810,495,897,747,650,679,711,743,807,607,506,563,714,1092
2012-07-01,680,517,539,779,432,868,676,655,705,613,631,774,630,445,517,604,1054
2012-07-08,750,510,538,758,435,935,783,741,825,677,745,866,904,500,538,672,996
2012-07-15,771,558,551,748,527,961,843,736,807,704,747,761,813,536,555,720,1097
2012-07-22,773,540,518,703,525,987,834,748,719,665,737,867,917,503,565,700,870
2012-07-29,779,607,533,701,607,981,888,757,786,679,661,911,778,604,538,647,914
2012-08-05,756,679,589,659,652,915,930,724,700,688,626,812,611,621,550,616,862
2012-08-12,750,656,544,632,664,935,844,670,735,678,645,789,687,577,543,634,958
2012-08-19,749,684,574,602,628,951,831,712,739,723,553,742,580,582,536,626,917
2012-08-26,858,793,603,630,702,1064,957,833,845,827,614,953,579,747,643,741,983
2012-09-02,978,995,743,681,870,1170,1138,897,878,897,740,1150,646,978,752,846,1098
2012-09-09,994,1011,787,787,867,1126,1117,878,1075,958,818,1207,842,993,812,855,1226
2012-09-16,1053,1020,813,865,995,1208,1178,1005,1114,950,938,1267,739,1017,784,896,1334
2012-09-23,1012,979,788,995,1011,1157,1105,909,965,953,925,1193,814,807,773,886,1376
2012-09-30,1085,1038,819,1050,962,1250,1266,938,996,1081,878,1204,874,728,946,960,1413
2012-10-07,1112,1076,882,995,1126,1254,1325,1001,986,1106,950,1227,825,800,1028,936,1369
2012-10-14,1135,939,960,1052,1046,1307,1273,1025,1085,1118,937,1310,759,911,1007,1000,1472
2012-10-21,1180,944,1016,1207,1072,1368,1216,1076,1169,1188,1089,1324,891,940,978,1009,1565
2012-10-28,1250,977,1150,1206,1079,1404,1255,1110,1178,1297,1103,1464,900,1001,1107,1123,1838
2012-11-04,1371,1049,1165,1192,1316,1570,1418,1239,1256,1453,1117,1444,966,1203,1185,1190,1921
2012-11-11,1434,1204,1361,1223,1497,1605,1504,1318,1324,1563,1127,1586,1009,1181,1212,1274,1687
2012-11-18,1469,1199,1344,1177,1446,1741,1545,1371,1318,1600,1077,1592,940,1170,1225,1230,1780
2012-11-25,1497,1297,1262,1238,1575,1836,1580,1480,1380,1610,985,1549,904,1212,1247,1187,1783
2012-12-02,1570,1440,1222,1125,1821,2038,1566,1575,1385,1649,1052,1681,865,1127,1162,1250,1707
2012-12-09,1627,1479,1136,1013,1717,2206,1602,1790,1376,1573,990,1784,870,1197,1201,1246,1486
2012-12-16,1875,1747,1337,981,1871,2543,1827,1998,1540,1793,1298,1996,894,1445,1387,1405,1650
2012-12-23,2050,2036,1434,1059,1851,2749,2064,1952,1817,2120,1561,2302,1033,1690,1639,1546,2028
2012-12-30,1829,1734,1475,1117,1758,2308,1791,1745,1683,1972,1387,2159,1024,1584,1517,1460,1783
2013-01-06,1576,1629,1489,1153,1581,1926,1692,1552,1696,1794,1313,1760,1122,1424,1521,1309,1375
2013-01-13,1591,1532,1651,1457,1611,1910,1771,1635,1680,1944,1307,1804,1114,1365,1639,1441,1617
2013-01-20,1669,1721,1802,1597,1636,1926,1917,1723,1675,2016,1506,1934,1184,1410,1709,1544,1917
2013-01-27,1866,1741,1904,1292,1739,2069,2088,1867,1804,1888,1360,2076,1433,1511,1681,1575,1869
2013-02-03,1754,1704,1630,1749,1656,1969,2011,1614,1794,1755,1383,1940,1251,1493,1716,1479,1627
2013-02-10,1636,1540,1445,1451,1508,1830,1858,1499,1565,1642,1194,1830,971,1557,1635,1380,1542
2013-02-17,1588,1750,1539,1290,1359,1759,1817,1486,1613,1485,1288,1806,1100,1429,1693,1384,1539
2013-02-24,1540,1503,1399,1135,1378,1721,1725,1451,1489,1534,1054,1789,1254,1368,1490,1355,1391
2013-03-03,1605,1494,1379,1199,1416,1747,1763,1640,1532,1673,1156,1903,1268,1464,1605,1378,1700
2013-03-10,1529,1417,1363,1195,1362,1628,1625,1422,1435,1575,1228,1750,1103,1355,1441,1379,1795
2013-03-17,1312,1285,1217,1039,1196,1444,1433,1202,1405,1269,1043,1498,938,1174,1194,1214,1449
2013-03-24,1211,1201,1024,920,995,1379,1345,1088,1224,1157,973,1423,846,1054,926,1095,1512
2013-03-31,1067,1117,908,882,931,1219,1098,997,1148,978,1001,1226,846,885,929,1004,1246
2013-04-07,1054,944,998,870,886,1172,1061,933,1146,938,979,1115,788,908,945,960,1142
2013-04-14,992,988,950,784,848,1154,1015,873,1011,879,957,1030,695,851,784,880,1075
2013-04-21,988,833,938,765,907,1135,1003,884,1071,1015,924,1059,683,749,851,815,1103
2013-04-28,991,803,913,851,949,1116,1012,965,957,1011,869,1090,711,751,837,871,1335
2013-05-05,966,784,802,917,812,1105,968,950,940,992,869,1066,813,750,816,857,1283
2013-05-12,919,685,756,904,840,1077,937,857,794,915,860,981,754,690,816,802,1346
2013-05-19,858,724,750,898,728,982,908,813,763,853,827,912,723,695,715,795,1273
2013-05-26,820,700,651,887,679,960,803,774,749,798,699,902,689,704,714,812,1140
2013-06-02,818,669,642,851,618,1010,746,784,858,760,735,931,614,613,681,750,1188
2013-06-09,803,663,600,782,576,966,757,743,784,720,741,941,604,596,659,758,1220
2013-06-16,798,655,590,796,545,968,742,786,772,741,783,941,660,575,621,712,1293
2013-06-23,825,694,578,854,575,1041,793,788,898,747,691,985,733,527,665,656,1252
2013-06-30,858,612,529,864,517,1105,877,843,839,739,758,1013,781,472,618,739,1337
2013-07-07,837,591,484,878,527,1078,930,797,836,731,753,930,1040,483,596,707,1298
2013-07-14,838,722,528,880,508,1044,938,775,916,656,719,972,1290,527,678,708,1307
2013-07-21,835,715,540,882,530,1033,952,694,850,699,795,966,1335,554,643,760,1186
2013-07-28,848,786,571,869,531,1020,991,778,853,724,764,974,1219,550,635,760,1410
2013-08-04,852,959,604,870,576,950,938,933,932,777,751,907,663,572,621,717,2112
2013-08-11,835,805,621,881,661,951,919,889,866,713,840,926,570,575,625,692,2102
2013-08-18,837,838,603,836,862,979,885,859,760,772,632,845,737,623,609,693,1736
2013-08-25,898,766,619,777,855,1044,963,996,846,804,665,984,767,774,686,728,1591
2013-09-01,1040,930,656,1138,938,1189,1081,1216,964,1022,740,1200,847,893,852,835,1635
2013-09-08,1119,871,748,1182,994,1287,1144,1372,1154,1056,789,1276,906,963,951,947,1761
2013-09-15,1157,929,841,1133,936,1371,1157,1414,1171,1005,879,1315,891,1060,895,965,1765
2013-09-22,1186,983,924,1064,1255,1362,1215,1426,1197,1136,953,1389,862,1018,986,961,1546
2013-09-29,1234,958,1021,1033,1502,1435,1246,1419,1320,1151,1003,1431,814,1015,1015,976,1542
2013-10-06,1277,1116,1078,1216,1513,1391,1317,1469,1197,1351,1037,1434,958,1057,1038,981,1523
2013-10-13,1266,1094,1036,1203,1268,1480,1378,1303,1215,1330,952,1345,1004,953,1059,991,1701
2013-10-20,1312,1198,1104,1079,1306,1522,1441,1247,1172,1546,970,1395,946,1084,1085,1029,1596
2013-10-27,1279,1081,1036,1035,1274,1536,1366,1227,1103,1360,903,1290,765,1142,1130,999,1581
2013-11-03,1389,1176,1237,1095,1246,1636,1394,1356,1203,1612,1081,1467,835,1200,1312,1128,1632
2013-11-10,1372,1154,1301,1079,1298,1606,1367,1245,1185,1621,1102,1422,848,1066,1342,1122,1676
2013-11-17,1368,1168,1240,972,1293,1632,1380,1262,1205,1650,1021,1398,880,1076,1287,1085,1655
2013-11-24,1376,1244,1180,984,1354,1631,1334,1291,1195,1814,1025,1356,956,1036,1431,1061,1670
2013-12-01,1486,1330,1259,1095,1413,1823,1440,1423,1222,1989,919,1455,978,1087,1452,1127,1750
2013-12-08,1633,1626,1309,1024,1555,1970,1525,1571,1213,2304,1148,1534,1273,1233,1678,1236,1511
2013-12-15,1851,1776,1510,1141,1761,2290,1660,1653,1483,2640,1166,1690,1163,1387,1971,1371,1820
2013-12-22,1992,1790,1774,1266,1915,2505,1705,1697,1577,2740,1278,1955,975,1620,1989,1493,2106
2013-12-29,1914,1840,1857,1229,2198,2262,1780,1625,1606,2556,1290,1829,1000,1717,1933,1536,1920
2014-01-05,1734,1743,1808,1143,2137,2043,1842,1463,1490,2399,1091,1582,1325,1568,1864,1479,1749
2014-01-12,1786,1821,1933,1373,2392,2096,2169,1593,1590,2406,1210,1659,1620,1705,1848,1641,1763
2014-01-19,1995,2092,2181,1639,2690,2331,2485,1791,1892,2465,1418,2056,1842,1881,1993,1857,1994
2014-01-26,2087,2143,1944,1698,2537,2341,2412,1881,1897,2145,1382,2144,1361,1862,1930,1804,2487
2014-02-02,1956,1875,1560,1657,2168,2237,2029,1775,1915,2067,1550,2058,1135,1701,2068,1684,2385
2014-02-09,1773,1822,1350,1551,1872,2006,1868,1621,1762,1899,1511,1956,1395,1490,1894,1584,2044
2014-02-16,1764,2099,1386,1413,1651,2009,1828,1692,1709,1732,1454,2132,1192,1492,1795,1489,2119
2014-02-23,1615,1891,1202,1202,1546,1858,1619,1603,1428,1652,1391,1805,1121,1271,1523,1378,1846
2014-03-02,1595,1650,1175,1413,1620,1763,1606,1633,1537,1705,1244,1791,1038,1206,1601,1428,1761
2014-03-09,1533,1525,1236,1339,1540,1699,1460,1441,1503,1794,1342,1625,1005,1305,1630,1421,1841
2014-03-16,1418,1290,1163,1351,1313,1651,1228,1358,1389,1651,1251,1560,964,1343,1447,1304,1743
2014-03-23,1302,1277,1025,1053,1243,1550,1172,1253,1282,1450,1293,1406,952,1129,1335,1157,1739
2014-03-30,1243,1222,1029,982,1193,1497,1154,1172,1175,1376,1276,1345,1019,1058,1161,1082,1573
2014-04-06,1243,947,963,1004,1196,1532,1163,1188,1204,1359,1223,1361,893,1082,1045,1117,1466
2014-04-13,1218,1063,862,1115,1112,1476,1098,1203,1165,1251,1092,1389,947,1069,1072,1186,1718
2014-04-20,1108,944,858,1127,1104,1347,1052,1051,1074,1028,983,1251,998,963,908,1082,1666
2014-04-27,1003,899,792,990,1068,1219,901,956,1004,1013,985,1046,918,784,856,1014,1302
2014-05-04,963,898,721,971,957,1159,878,988,953,896,1014,1008,836,787,774,975,1369
2014-05-11,1005,910,783,1124,960,1217,933,1004,1065,912,1027,1108,929,857,827,1005,1422
2014-05-18,1082,960,828,1106,930,1346,974,1096,1168,933,1053,1358,1011,836,914,1084,1618
2014-05-25,1057,887,784,1136,846,1285,993,1123,1117,969,1096,1228,913,804,1071,1034,1465
2014-06-01,1091,933,771,939,758,1363,1056,1171,1009,917,928,1277,905,905,1006,1080,1474
2014-06-08,977,738,775,1012,670,1199,916,1037,1055,816,1002,1220,823,643,921,981,1333
2014-06-15,934,675,689,1027,578,1147,916,1002,983,781,1001,1185,879,577,757,927,1246
2014-06-22,904,654,679,951,574,1137,899,952,1026,778,1003,1055,949,494,709,862,1287
2014-06-29,906,644,521,949,522,1170,932,915,995,772,824,1144,856,509,636,902,1245
2014-07-06,947,675,558,926,480,1276,985,922,1037,814,978,1082,781,555,631,895,1283
2014-07-13,953,760,565,861,528,1248,1050,966,976,826,895,1206,768,600,640,897,1225
2014-07-20,956,821,556,823,506,1260,1037,978,1010,793,843,1135,824,554,638,910,1162
2014-07-27,879,760,520,887,540,1144,920,859,975,774,777,1052,727,537,572,848,1033
2014-08-03,871,714,565,924,527,1128,950,833,812,775,884,946,763,551,607,788,1194
2014-08-10,829,627,552,807,592,1051,883,799,794,770,891,863,739,640,568,770,1134
2014-08-17,820,679,576,758,652,1097,861,812,731,768,741,895,706,663,627,793,1108
2014-08-24,908,843,728,810,892,1185,993,905,822,836,769,1042,723,879,643,803,1095
2014-08-31,982,896,824,889,1135,1282,1080,969,947,945,788,1201,820,938,686,844,1231
2014-09-07,1104,962,824,1189,966,1406,1182,1058,1054,945,934,1301,853,826,757,912,1553
2014-09-14,1205,1019,773,1314,1017,1587,1284,1196,1189,1091,912,1476,924,785,795,950,1827
2014-09-21,1165,1049,815,1273,1012,1478,1217,1116,1267,1118,910,1345,852,834,812,967,1710
2014-09-28,1158,1037,904,1138,1147,1442,1162,1058,1164,1173,984,1365,918,918,904,1011,1487
2014-10-05,1241,1061,920,1229,1378,1529,1264,1143,1161,1282,1044,1370,896,986,953,1054,1733
2014-10-12,1316,1048,1015,1339,1335,1616,1304,1238,1323,1412,1203,1425,959,1116,1074,1158,1696
2014-10-19,1330,1081,1033,1187,1048,1684,1351,1348,1285,1270,1184,1493,916,1215,1120,1113,1596
2014-10-26,1423,1094,1072,1104,967,1899,1460,1516,1332,1308,1308,1691,992,1149,1113,1179,1683
2014-11-02,1524,1128,1218,1218,1123,2003,1475,1566,1467,1440,1389,1832,1226,1173,1145,1300,1946
2014-11-09,1501,1225,1227,1331,1099,1932,1403,1566,1325,1629,1361,1813,1106,1101,1258,1220,1805
2014-11-16,1598,1394,1173,1281,1259,2008,1605,1569,1448,1931,1423,1775,1101,1250,1470,1334,2014
2014-11-23,1611,1298,1266,1174,1272,2059,1676,1594,1475,2040,1308,1788,1061,1208,1399,1249,1845
2014-11-30,1678,1318,1308,1118,1338,2215,1776,1718,1610,2015,1250,1805,998,1268,1409,1247,1778
2014-12-07,1848,1652,1194,1167,1421,2533,2024,1937,1697,1982,1473,1984,1141,1338,1454,1413,2029
2014-12-14,2109,1973,1389,1523,1526,2881,2104,2225,1879,2188,1687,2217,1388,1603,1586,1618,2316
2014-12-21,2380,2204,1665,1796,1742,3255,2454,2359,2042,2541,2032,2593,1271,1791,1740,1902,2723
2014-12-28,2317,2174,1777,1752,1947,3071,2349,2315,2150,2449,2058,2493,1189,2036,1655,1948,2379
2015-01-04,1943,1681,1695,1539,1783,2498,2090,1888,1882,2167,1614,2134,1152,1799,1614,1646,1923
2015-01-11,1890,1700,1909,1654,1850,2430,2131,1911,1900,2032,1764,2073,1258,1809,1570,1654,1880
2015-01-18,1999,1686,2006,1928,2026,2497,2143,1976,2009,2065,1887,2309,1305,1857,1844,1817,2019
2015-01-25,2048,1622,1907,1849,2058,2415,1953,1943,1931,1996,1758,2637,1454,1828,1778,1869,2396
2015-02-01,1981,1634,1830,1687,1962,2384,1834,1915,1879,2038,1751,2481,1279,1926,1688,1853,2184
2015-02-08,1869,1589,1691,1617,1784,2222,1882,1771,1700,1851,1574,2333,1263,1741,1765,1736,1922
2015-02-15,1833,1826,1586,1626,1736,2154,1751,1787,1792,1810,1602,2285,1316,1556,1883,1666,2129
2015-02-22,1730,1797,1347,1614,1704,2044,1667,1641,1701,1822,1421,1986,1252,1535,1858,1629,1921
2015-03-01,1686,1812,1451,1492,1673,1961,1595,1649,1694,1884,1426,1958,1242,1574,1958,1706,1552
2015-03-08,1768,1529,1588,1336,1745,1892,1653,1681,1854,2083,1448,1940,1129,1774,1908,1805,1646
2015-03-15,1551,1354,1477,1307,1519,1708,1412,1384,1516,1881,1393,1792,911,1618,1850,1516,1483
2015-03-22,1427,1288,1263,1165,1420,1611,1363,1295,1363,1787,1086,1563,945,1437,1614,1344,1505
2015-03-29,1373,1299,1143,1142,1364,1521,1357,1234,1364,1639,1065,1617,967,1384,1259,1365,1473
2015-04-05,1317,1109,1163,1047,1210,1499,1409,1181,1225,1401,1060,1444,972,1212,1155,1310,1371
2015-04-12,1189,1166,1027,939,1116,1328,1400,1084,1203,1211,1076,1236,823,1031,1041,1144,1179
2015-04-19,1122,1021,974,919,1201,1255,1172,1040,1047,1174,1089,1188,829,1031,920,1001,1228
2015-04-26,1098,962,838,908,1101,1279,1074,1038,1018,1187,996,1178,926,971,1032,998,1209
2015-05-03,1115,740,828,974,1116,1314,1060,1060,1025,1153,1057,1229,891,1034,1004,1066,1365
2015-05-10,1084,796,895,974,1017,1296,1051,1041,921,1088,965,1237,862,1035,898,1073,1375
2015-05-17,1095,891,958,1025,955,1294,1080,1058,957,1093,988,1210,878,1011,959,1069,1373
2015-05-24,1071,808,961,1065,867,1274,1034,1021,991,1009,1002,1198,956,1023,865,1082,1415
2015-05-31,1062,826,936,986,736,1317,972,1052,964,968,974,1239,906,888,883,1076,1557
2015-06-07,1011,773,845,952,656,1285,879,1037,1007,914,917,1167,936,754,829,1061,1315
2015-06-14,1018,754,795,1027,662,1305,912,1051,1066,918,975,1188,824,752,766,1035,1329
2015-06-21,1061,744,789,1051,583,1358,1022,1085,1042,929,885,1302,877,735,843,987,1406
2015-06-28,1037,781,689,977,604,1326,1067,1048,1035,970,953,1301,829,723,804,965,1430
2015-07-05,1075,802,695,921,598,1405,1092,1105,1080,979,990,1264,970,706,777,927,1467
2015-07-12,1057,821,698,1017,609,1375,1145,1012,1122,944,1061,1341,928,711,779,944,1547
2015-07-19,1046,1048,645,989,610,1323,1116,1062,1033,906,925,1226,913,748,736,926,1547
2015-07-26,992,896,673,980,581,1207,1110,927,999,856,934,1223,854,733,762,916,1426
2015-08-02,954,883,651,959,703,1158,1072,905,1053,872,1035,1160,783,730,689,938,1408
2015-08-09,934,848,690,900,662,1144,1035,842,920,826,1108,1078,740,784,664,859,1422